L,R,h,rho,E,v,RW1,RW2,Cwk
0.126,0.003,0.0003,1060,700000,0.5,248750000,1869700000,1.7529e-10
0.129294831599422,0.00301979692117697,0.000293524858636176,1120.30320652994,684891.336817743,0.483173049115721,256421832.26103,1876166805.53514,1.73076267460533e-10
2.61,0.66,2.16,5.69,2.16,3.37,3.08,0.35,1.26
